Gene,exprs
GNPDA1,0.007103236
CDH3,0.194866578
HDAC6,-0.116966472
PARP2,0.626312736
MAMLD1,-0.741613893
DNAJB6,1.479203401
SMC4,0.547208883
ABCC5,0.297453048
ABCB6,-0.187973359
DNM1L,1.477112421
TSPAN3,0.902305326
KIF20A,0.161444588
ARL4C,2.254304023
TRAP1,0.113152705
G3BP1,0.345087153
MBNL2,1.178934721
CEBPZ,0.212101212
SLC25A13,0.876331495
CDK2,0.047266775
SORBS3,-0.713212627
RBM6,-0.128310895
CDK4,-0.14040331
TXNDC9,0.836406495
ADAM10,0.181009431
TRIM13,0.192567037
CDK6,0.188723819
CDK7,0.058003453
TRIB1,0.394589349
MFSD10,-0.237847511
SLC35B1,0.654104328
TIMM17B,0.034147037
CDKN1A,-0.523923854
CDKN1B,0.268199845
AKAP8,-0.131149044
STUB1,1.215407201
NET1,0.825434584
SMNDC1,0.159715033
CDKN2A,-0.132493742
PAK4,-0.297816142
TNIP1,-0.350050897
IKZF1,-0.046005941
HMG20B,-0.409622491
MYL9,0.31279883
LYPLA1,0.781209367
PPIE,0.486266254
VAV3,-0.423511634
LRRC41,0.372476968
CRTAP,-0.207130684
VAT1,-0.718152449
STK25,0.358132855
CEBPA,-0.056195205
APPBP2,0.459398478
CEBPD,-1.367002744
CHERP,0.238872877
HYOU1,-0.163279991
RPP38,0.634664044
SLC35A1,0.568262143
DRAP1,0.161761167
PAICS,0.527771566
ST6GALNAC2,-0.453930387
STAMBP,0.229330811
CENPE,0.534124739
NPRL2,0.195833926
IGF2BP2,-0.541509764
YKT6,-0.04497358
CGRRF1,0.44612001
RRAGA,0.359088238
GNB5,1.437008872
EBP,0.523275215
CNPY3,0.067396466
CETN3,0.121888835
YME1L1,0.319559965
TCFL5,0.312522635
KDM5B,0.588207434
POP4,0.727462773
ARPP19,3.068264853
ZNF274,0.075815529
MTHFD2,0.021393774
WASF3,-0.307802587
UTP14A,0.500861581
FRS2,-0.009662885
CLPX,0.458881484
PGRMC1,0.986295995
MALT1,-0.265072185
CPSF4,0.151122401
BLCAP,0.983706947
TCERG1,0.990402957
RNPS1,1.017769841
TOMM34,0.642748871
PDIA5,0.402948069
MLLT11,1.438078425
EBNA1BP2,1.622873254
TMED10,0.092681719
ASCC3,-0.077192162
SLC27A3,-0.056095409
KIF2C,-0.169471804
CCDC85B,0.297664783
TLK2,0.233258921
KDELR2,0.478003828
RAB31,-0.460368054
B4GAT1,0.732422133
UBE2C,-0.158852985
DUSP14,0.557030608
TOPBP1,0.548087698
PRSS23,-0.048601514
CHEK1,0.571727577
PWP1,0.639908825
PKIG,0.474771143
CORO1A,-0.349157344
LSM6,0.201769179
PSIP1,1.159109999
SLC2A6,-0.136301289
NISCH,-0.244830219
CHEK2,0.01049706
CHN1,1.089159318
PRAF2,0.144927358
POLG2,0.325852569
CHP1,1.006793669
PNKP,0.191676064
ECD,0.416083445
DDX42,0.70081475
TWF2,0.372419461
CIRBP,1.699827602
RPL39L,0.419086872
CLTB,-0.270089268
CLTC,0.831223376
CANT1,0.314485476
COL1A1,-0.684900812
ADH5,0.408738997
COL4A1,0.392887472
CREB1,-0.162894947
CRK,0.762098605
CRKL,0.294251618
PARP1,0.658753808
CRYZ,-0.073160023
CSK,-0.568354977
CSNK1A1,0.041628906
CSNK1E,-0.268122709
CSNK2A2,-0.147675718
CSRP1,-0.614102628
WIPF2,0.218264189
TICAM1,0.143714583
CTNND1,0.209964566
CTSD,-0.175304443
CTSL,0.071794435
CYB561,0.634152075
ADRB2,-0.338144518
DAG1,-0.057606643
DAXX,-0.266865309
DCK,1.176185039
DCTD,-0.023374251
DDB2,-0.451547395
GADD45A,1.469156749
DDX10,1.014816261
DECR1,0.153568459
DFFA,0.425463879
DFFB,-0.131401203
DLD,0.812230994
DNM1,-0.403326968
AGL,0.669885038
DNMT1,0.567206117
DNMT3A,0.975205227
DPH2,0.653009866
DSG2,-0.224623907
TSC22D3,0.44480245
DUSP3,-0.275811384
DUSP4,3.055587857
DUSP6,1.600428372
TOR1A,0.35521758
E2F2,0.05045712
ECH1,0.243691681
EDN1,-0.16823025
EGF,0.043771118
EGFR,-0.441866634
EGR1,2.268149377
EIF4EBP1,-0.044914793
EIF4G1,-0.366672835
EIF5,0.730460773
ELAVL1,0.59918127
TXLNA,0.400956582
SPRED2,0.232622504
CTTN,0.329643104
EPB41L2,0.456492643
EPHA3,0.108715076
EPHB2,0.470838294
NR2F6,0.244576849
ERBB2,-0.645628279
ERBB3,0.262265835
AKT1,-0.456409862
ETFB,0.259755552
ALAS1,1.364616898
ETS1,0.197738338
ETV1,0.858748933
EXT1,0.721163075
EZH2,0.605977835
FAH,-0.168007741
PTK2B,-1.071589964
FAT1,-0.059503987
FDFT1,0.620635838
ALDOA,-0.61238225
FGFR2,0.156384005
FGFR4,-0.626172732
FHL2,1.378262021
CASC3,-0.533955585
COG2,-0.014015974
ATF5,0.388487941
MTF2,1.073873007
PUF60,0.355882545
RAB11FIP2,0.926395872
FKBP4,1.079500301
CLSTN1,-0.615414619
FOXJ3,0.507658838
EPN2,-0.102289958
SACM1L,0.834673061
ATF6,0.623533234
RPIA,0.164508642
ABCF1,0.422124464
ALDOC,-1.278998255
RAB21,0.595595233
SPEN,-0.390412333
FBXO21,0.294814524
RBM34,0.311796069
WDTC1,-0.741745795
XPO7,1.314403075
TBC1D9B,0.085636695
RRP1B,0.431699882
MYCBP2,0.931731614
FOXO3,-0.202676804
CDK19,0.530256797
GPATCH8,-0.309087719
MAST2,-0.159247944
DCUN1D4,0.180836536
FCHO1,-0.346039201
SNX13,0.414981815
ATP11B,0.385037079
JMJD6,0.20352934
RRS1,0.227255788
RRP12,0.155078
SYNE2,-0.202118881
PDS5A,-0.196899268
CAMSAP2,0.878867955
ATMIN,-0.040914314
TRIM2,0.520209009
USP22,0.119970793
WDR7,0.710451941
JADE2,-0.291332758
ARHGEF12,0.20760554
PPP1R13B,0.049245046
RRP8,0.065363957
NUDCD3,0.169568919
SIRT3,0.421502439
SLC35A3,0.481943304
ICMT,-0.049185095
MACF1,0.308042091
SUZ12,-0.504802989
KAT6B,-0.109868658
FOS,0.034759812
NNT,1.364587062
ADAT1,0.680374072
FPGS,0.054179881
TMEM50A,0.300980049
KLHDC2,0.808524747
ACOT9,-0.170618777
SSBP2,0.132672625
NUP62,0.124777107
ARFIP2,0.007115414
LSM5,0.487152962
PLA2G15,-0.152872533
ZNF318,-0.110022315
ABL1,-0.582967777
FUT1,0.333362195
FYN,-0.293027823
SLC37A4,0.16944945
GAA,-0.191960495
GABPB1,0.933838733
EML3,-0.640155782
FBXO7,0.372246313
SPDEF,0.431345695
BAMBI,-0.174644937
GALE,0.04240388
BACE2,-0.439652342
COG4,-0.118378024
MPC2,0.825170392
CLIC4,0.205970202
C2CD2,-0.20881192
GAPDH,-0.882167112
TIPARP,-0.237070814
TSKU,-0.950390081
RNF167,-0.226517518
LRP10,-0.96066128
ZNF451,0.173144689
SENP6,0.229017895
RAI14,-0.047952911
TES,-0.417913549
PHGDH,-0.15193961
GATA2,-0.461749725
GATA3,-0.554399477
MYCBP,0.075327012
CHIC2,-0.117620284
TIMM9,0.482738797
GFPT1,0.753613264
GHR,-0.177275361
AKAP8L,0.015834214
ATP2C1,0.208727967
TRAPPC3,0.103195047
TNFRSF21,0.735680757
SESN1,0.034092059
HTATSF1,0.645473986
TMEM97,0.499800354
GLI2,-0.59063851
GLRX,0.772318116
GNA11,-0.312443624
GNA15,0.134096298
GNAI1,1.069015808
GNAI2,-0.621018315
GNAS,-0.917535922
SFN,0.926232664
GPC1,-0.154961327
GPER1,-0.231034503
GRB7,0.217756531
GRB10,0.619757011
GRN,-0.129607026
BZW2,0.812343757
NR3C1,0.953479296
CHMP4A,-0.03455556
GTPBP8,0.778978654
SLC25A4,1.305202433
DNAJC15,0.076328104
CXCL2,-0.551887317
GSTM2,-0.665504281
GSTZ1,0.793692466
MSH6,0.254507781
GTF2A2,0.81073836
GTF2E2,0.038115682
PACSIN3,-0.313842452
RBM15B,-0.369859713
HOOK2,-0.085947981
SNX11,-0.090980871
TIMM22,0.222533475
NENF,0.073378133
UBQLN2,1.038853328
ACAA1,-0.239668853
ERO1A,0.457594066
HSD17B10,0.085552952
HADH,0.138430754
HDAC2,0.971368247
DNTTIP2,0.575193378
PIK3R4,0.424362776
HIF1A,0.424831718
HK1,0.785169405
ANXA7,0.479886964
HMGCR,1.44045283
HMGCS1,1.915584386
HMOX1,-0.330560319
HOXA5,0.19494786
HOXA10,0.077895694
APBB2,1.412770235
HPRT1,1.588376997
HES1,-0.811434953
BIRC2,0.042504617
DNAJB2,-0.3085256
HSPA1A,0.088670913
HSPA4,1.044932142
HSPA8,1.348199184
HSPB1,-0.852219002
BIRC5,0.454560874
HSPD1,0.179718108
DNAJB1,0.230098524
ICAM1,0.024376401
ICAM3,-0.016518722
ID2,0.20255887
IDE,0.235371176
IFNAR1,-0.013259947
APOE,-0.807816184
IGF1R,-0.064236
IGF2R,0.358024358
IGFBP3,0.327377853
IGHMBP2,-0.166371908
APP,1.241912694
FAS,0.016409958
IKBKB,0.048141921
IL1B,0.583804709
IL4R,-0.706771574
IL13RA1,0.001032108
ILK,-0.048312744
INPP1,0.36951034
INSIG1,0.536619421
ITGAE,0.338365421
ITGB5,-0.315681166
JUN,-0.496533662
KCNK1,2.026697648
KIF5C,-0.030898906
KIT,1.101273898
RHOA,-0.241683114
KTN1,0.146096035
ACAT2,0.604399622
LAMA3,-0.214118111
ARHGAP1,-0.146718123
STMN1,1.673743385
LBR,-0.3377086
LGALS8,1.567035369
LIG1,0.424980594
LIPA,0.32296304
LOXL1,-0.292478984
LRPAP1,0.835914652
LYN,-0.221491875
SMAD3,0.406666138
MAN2B1,-0.285198571
MAT2A,0.273398028
MBNL1,0.183230857
MCM3,0.235190602
ME2,1.061016508
MEF2C,1.493333248
MAP3K4,0.129760238
MEST,1.685543377
ASAH1,0.007078635
MIF,0.50295009
FOXO4,-1.074463526
MMP1,0.013826893
MMP2,-0.398285443
MNAT1,0.312377713
MSRA,0.673916414
MUC1,-0.239587015
MYBL2,0.082369199
MYC,-0.503795304
GADD45B,-0.469803922
MYLK,0.354818353
MYO10,-0.368939958
ATF1,0.238168411
NCK1,0.255629517
ACLY,1.169737819
NFATC3,0.142971611
NFATC4,-0.106552848
NFE2L2,-0.334436043
NFIL3,0.156839502
NFKB2,-0.659479866
NFKBIA,-0.864557361
NFKBIB,-0.268730517
NFKBIE,0.773145916
ATP1B1,1.460190986
NIT1,0.732175548
NMT1,-0.164732989
NOS3,-0.037338779
CNOT4,0.002619713
NOTCH1,-0.583903473
PNP,-0.381897981
NPC1,0.107270821
SLC11A2,-0.134628856
NRAS,0.573238942
NUCB2,0.529613292
NUP88,0.37289305
NVL,0.479151266
ORC1,0.442433269
ALDH7A1,-0.222639201
OXA1L,0.883739532
OXCT1,1.782475915
PAFAH1B1,1.419131251
PAFAH1B3,-0.616816975
SERPINE1,0.015338705
PAK1,3.169528035
COPS7A,1.02280132
NSDHL,0.740941895
HEBP1,0.191681561
PCBD1,-0.225093787
PCCB,0.741643204
MTERF3,0.477197221
AMDHD2,0.345106414
ISOC1,0.750298661
MRPS16,0.072555208
FIS1,0.097689047
GOLT1B,0.711604576
GLOD4,0.837176183
GMNN,0.231182136
LAP3,0.573382982
PCK2,0.244489781
NOSIP,0.359485713
DERA,-0.013525873
PCM1,0.548887132
SCCPDH,0.394037316
PCMT1,1.852275507
PCNA,0.87729783
MRPS2,0.075334754
VPS28,0.037933138
HSD17B11,0.498636805
NUSAP1,0.329141118
SCAND1,0.928746783
CD320,-0.026656734
NGRN,0.389809587
SNX7,0.421548619
ATP6V1D,0.859530377
ZNF589,0.111072263
PRKAG2,1.190235695
UBE2J1,0.014943348
EVL,-0.041172348
HACD3,1.447040363
PDGFA,-0.255724095
UFM1,0.29706985
LSR,-0.588305935
DHRS7,0.563460053
CAB39,0.649635949
ARID4B,-0.031136932
PFKL,0.012082369
PGAM1,0.561730684
PGM1,0.069364759
PHKA1,-0.59792345
PHKB,0.578228389
PHKG2,0.295475869
PIK3C2B,0.256397503
PIK3C3,0.008260683
PIK3CA,0.636241234
PIN1,1.028140308
PLA2G4A,0.262940454
ATP6V0B,-2.025287715
PLCB3,-0.039492784
NUDT9,0.517337271
PLK1,-0.267763805
PLP2,-0.581974911
PLS1,0.576046305
PLSCR1,-1.187005718
PMAIP1,-0.021105302
PMM2,0.618265503
CYCS,0.795427821
POLB,0.395253156
POLE2,-0.039903636
POLR2I,0.219749455
TERF2IP,1.599736181
POLR2K,1.113363513
GFOD1,0.416220769
KCTD5,-0.199758049
TMCO1,0.24134298
DHX29,0.060857416
EXOSC4,0.192194621
DDIT4,-0.741364127
PAF1,0.127877722
PPARD,-0.730751163
PPARG,0.322899549
P4HTM,0.169586463
SLC35F2,-0.315453273
PPIC,-0.36218922
ZNF586,0.211596905
FBXL12,-0.056408246
TEX10,0.561914005
YTHDF1,-0.037899338
TXNL4B,-0.01820268
PPOX,0.598594277
HERC6,0.835008838
PIH1D1,0.58470573
PPP2R3C,0.233079886
FKBP14,-0.211553305
CDCA4,-0.281942157
PLEKHJ1,0.476207657
HEATR1,0.046557064
ANO10,0.03873504
UBR7,0.703582773
FAIM,0.318523395
PPP2R5A,0.305857273
ADI1,-0.231560177
PPP2R5E,0.598233135
ABCF3,0.32942748
PRCP,-0.096129315
ENOSF1,0.778257431
ANKRD10,0.129146814
STAP2,0.263915854
PRKACA,0.281412057
IARS2,0.03854512
NUP133,0.228642855
CNDP2,0.271839688
PRKCD,0.613768227
KDM3A,0.059614755
PECR,0.105005228
PRKCH,-0.187249537
EAPP,0.323515311
CISD1,1.183908563
PRKCQ,0.787762018
ZNF395,-0.170712137
KLHL9,-0.379543991
MAPK9,1.433972514
MAPK13,0.495690886
MAP2K5,0.35884406
PRKX,-0.214043063
PROS1,-0.255251541
LGMN,1.269742752
HTRA1,-0.448927424
NPDC1,-0.048916495
TM9SF3,0.025656543
PAK6,0.446851198
DUSP22,0.552550881
PSMB8,-0.128683562
PSMB10,-0.070699363
CIAPIN1,0.882657007
PLSCR3,-0.230902788
PSMD2,0.734318758
PSMD4,0.090164924
SCYL3,0.208600498
LYRM1,0.562385403
PSMD9,0.199928239
PSMD10,0.814942115
ZMIZ1,0.125127162
MCOLN1,0.42468882
BAD,0.320844651
PSME1,0.110738665
PSME2,0.421775163
THAP11,0.074215046
ABHD6,1.459619782
PTGS2,0.635946043
PTK2,0.274939552
PTPN1,-0.281302605
TRIB3,0.69124439
PTPN6,-0.397112251
POLD4,-0.358158259
PTPN12,0.206232224
PTPRC,0.05007811
PTPRF,0.499952473
PTPRK,0.772329622
BAX,-1.079449827
PXMP2,0.249738986
PXN,-0.811311576
PYCR1,0.047028439
PYGL,-0.278886727
ENOPH1,1.095823224
SNX6,0.021619175
RAB4A,0.561809529
RAB27A,-0.287936547
RAC2,-0.144445527
RAD9A,-0.013309705
RAD51C,0.838769328
MOK,0.065054143
RALA,-0.47096039
RALB,1.676381793
RALGDS,0.169098349
RAP1GAP,0.700782114
RASA1,0.515492948
RB1,-0.12954034
KDM5A,-0.652953224
CCND1,-0.72326669
BCL2,-0.302860224
RELB,0.201942712
RFC2,0.169114915
RFC5,0.389734371
RFNG,-1.112006498
RFX5,0.534839132
RGS2,0.389896311
RHEB,1.08706506
FASTKD5,0.280516939
RNH1,0.233452599
ELAC2,0.427368177
RPA1,0.171721905
RPA2,0.696454758
RPA3,0.91921569
MRPL12,0.83941328
RPN1,0.149790384
RPS5,-0.109499712
RPS6,0.030060749
RPS6KA1,0.174056701
BDH1,0.752248839
RSU1,-0.046605279
RTN2,0.61572398
S100A4,-0.650137856
S100A13,-0.216184167
SATB1,0.487708455
SCP2,0.349020648
CCL2,0.627958632
BID,0.665038765
ABHD4,-0.280367739
SDHB,1.299098686
MCUR1,-0.164257914
RBKS,0.368139564
BLMH,0.448319553
BLVRA,1.114716445
ATG3,0.446179829
ZDHHC6,-0.26517106
SGCB,0.648798764
SHB,-0.306955168
SHC1,-0.224420596
ACBD3,0.439022266
CERK,0.221559644
NT5DC2,-0.329577817
SKP1,0.506358782
ACD,-0.001690086
SLC1A4,-0.079669776
INTS3,-0.468598778
BMP4,-1.666743156
SMARCA4,0.667592653
SMARCC1,-0.066907525
TRAK2,0.14080404
SMARCD2,-0.093800123
SNAP25,0.544760577
SNCA,1.423681933
BNIP3,1.388830804
BNIP3L,0.24030845
SOX2,-0.200922522
SOX4,0.735153707
SPAG4,-0.022956839
SPP1,0.278870726
SPR,-0.489928937
BPHL,0.1646009
SPTAN1,0.056025802
SRC,-0.548455719
BRCA1,-0.114497151
STAT1,1.123750662
STAT3,-0.012386762
STAT5B,0.094889581
AURKA,0.109480886
STK10,0.018704808
STX1A,0.626271533
STX4,0.224353597
STXBP1,0.476964517
STXBP2,-0.303227626
SUPV3L1,-0.157640264
SUV39H1,-0.03430793
SYK,-0.222031172
SYPL1,-0.047278965
TARBP1,0.898492768
TBP,0.303155694
TBX2,-0.235401658
TBXA2R,-0.177853289
TCEA2,0.386895303
VPS72,-0.019838339
BTK,-0.064334176
TCTA,-0.087563922
DYNLT3,1.352598487
BUB1B,1.072030203
TERT,0.116650558
TESK1,-0.102761769
TFAP2A,-1.516521886
TFDP1,0.309628159
TGFB3,-0.18279743
TGFBR2,-0.193945406
TIAM1,0.634227859
TIMP2,-0.109796715
TJP1,-0.41339339
TLE1,-0.219009046
TLR4,-0.271652194
TSPAN6,-0.170017686
TSPAN4,0.055131911
TOP2A,0.036776873
TP53,-1.130765152
TP53BP1,0.562142774
TP53BP2,-0.343051009
TPD52L2,-0.598270543
TPM1,0.023240507
C5,0.00543907
TXNRD1,0.447571346
UBE2A,0.858399136
UGDH,-0.089088743
NR1H2,-0.423848602
USP1,-0.090804943
VDAC1,1.648223769
WFS1,-0.541731744
XBP1,0.228561739
XPNPEP1,0.097698091
ZFP36,-0.569788861
ZNF131,0.66673657
ZMYM2,0.541812011
DDR1,-0.67634015
PAX8,-0.139471946
CXCR4,-0.131166035
IFRD2,0.018869228
MAPKAPK3,-0.255844941
USP7,0.540245415
METRN,-0.327098721
REEP5,0.626299708
ELOVL6,0.982536219
TMEM109,-0.30401065
CCDC86,-0.210232076
TRAPPC6A,0.336354853
CHAC1,0.289184202
MBOAT7,-0.239965154
PRR15L,0.272457675
CRELD2,0.295755827
FSD1,0.099440791
TCTN1,-1.420314297
CHMP6,0.21566483
NPEPL1,-0.162243222
ST7,-0.092305267
NUP85,0.507046264
TCEAL4,1.150079024
KAT6A,0.109266955
DHDDS,0.4613285
DENND2D,0.021799253
FBXO11,0.266246247
CCDC92,0.099330624
COASY,-0.112476944
PDHX,1.321304534
FOSL1,-0.29757265
TSEN2,0.588955167
PRR7,-0.063898612
CALM3,1.276579606
HMGA2,-0.462374592
CALU,0.419611107
ITFG1,1.196334179
GDPD5,-0.298389429
NCOA3,0.195656427
NRIP1,0.797356293
CAPN1,-0.166815252
SMC1A,0.229700433
LAGE3,0.362166784
CAST,0.275938644
AXIN1,-0.535003462
CDC45,0.02244124
FZD1,-0.561779724
FZD7,-0.573371128
CASP2,-0.040044247
CASP3,-0.381353025
GRWD1,-0.309689213
PIP4K2B,-0.465061202
CASP7,-0.488311995
ARID5B,0.399863306
CASP10,-0.045146261
NCK2,1.212147975
DYRK3,-0.243077161
DUSP11,-0.132209063
TUBB6,-0.688182695
CAT,0.08079229
PSRC1,0.269076753
RAE1,0.597215192
ADO,1.124774331
PIK3R3,-0.202515779
NIPSNAP1,1.492443002
HAT1,0.250808176
MICALL1,0.344514995
MAPKAPK5,0.522104397
BHLHE40,0.205541955
MKNK1,-0.013477264
CASK,0.55812742
AKR7A2,-0.037216392
RUVBL1,1.396888781
PSMG1,0.794329609
BECN1,1.059970881
CBLB,-0.058756677
MBTPS1,-0.256876896
EED,0.000695864
CTNNAL1,0.212784395
CBR1,0.526798925
RNMT,0.677761427
CBR3,0.33565376
PEX11A,-0.007799571
CREG1,0.208204778
INPP4B,0.427692086
IQGAP1,-0.444070931
SOCS2,0.138991841
CFLAR,-0.286570624
CDK5R1,1.212497024
ST3GAL5,0.04675151
IER3,-0.83197793
SQSTM1,-0.142276869
SLC5A6,0.127772351
CPNE3,0.012420847
CCNA2,0.079923776
CCNA1,1.173032171
CCNB1,1.664425272
TIMELESS,-0.106942453
CCND3,-0.071490264
P4HA2,-0.392284597
PLOD3,-0.310116881
CCNF,-0.099564339
UBE3B,-0.096683724
NOL3,0.414331819
SLC25A14,0.637565175
MPZL1,-0.898755316
CCNH,0.875589917
MAP7,1.085708962
DNAJA3,1.06237224
USP14,0.717449398
MTA1,-0.464577953
SLC25A46,1.069421176
PDLIM1,-1.068710825
SMC3,-0.368938733
PRPF4,0.39324691
CCNB2,-0.162534309
CCNE2,0.765585668
SYNGR3,0.76516234
LPAR2,0.121560944
ARHGEF2,0.118095611
ZW10,0.923843837
COG7,-0.274603495
AURKB,0.23734623
VAPB,-0.030168413
NOLC1,1.339684011
UBE2L6,-0.090626804
MAPKAPK2,-0.783700092
CYTH1,0.066187759
ITGB1BP1,0.740446427
BCL7B,-0.273861169
COPB2,0.49025866
ADGRG1,-0.580103596
MAPK1IP1L,0.394306147
TBC1D31,0.132405493
TM9SF2,0.971974688
MAP4K4,0.43657859
HOMER2,0.263277958
SH3BP5,0.945670937
PIGB,0.699164475
SCARB1,0.015194558
PSMF1,0.266003376
SPTLC2,0.698996888
TBPL1,1.327920098
BAG3,-0.666606446
POLR1C,0.630805862
SPAG7,0.523276253
CD40,-0.17008705
CD44,0.79986936
FEZ2,0.336397105
IKBKE,-0.12565849
CD58,-0.074966591
MTFR1,0.05087511
HS2ST1,0.193087807
IPO13,-0.093236967
VGLL4,0.466674747
NUP93,0.901534881
UBE3C,-0.099398255
EDEM1,0.501289984
TRAM2,-0.401098606
CEP57,0.366827594
HERPUD1,-0.098987646
USP6NL,0.367068098
CCP110,-0.10871853
ADGRE5,0.39647588
MLEC,-0.258978184
TATDN2,0.192348047
MRPL19,0.823008833
SCRN1,0.403295838
EFCAB14,-0.335936657
KEAP1,0.444842403
CDK1,1.400425278
MELK,0.487327942
PLEKHM1,0.016668987
C2CD5,0.298132151
KIAA0753,0.363777509
C2CD2L,0.503282704
KLHL21,-0.288582659
CDC20,-0.053118451
ARNT2,1.064023707
FAM20B,0.332589626
NCAPD2,-0.003150819
PAN2,-0.163610502
LPGAT1,0.590687559
KIF14,-0.044827655
CDC25A,-0.013687793
CDC25B,-0.324866373
OXSR1,-0.032790534
MVP,-0.247990336
CDC42,2.680318364
DMTF1,0.361243162
